{
  "Version": "2012-10-17",
  "Statement": [
    {
      "Effect": "Allow",
      "Action": [
        "s3:ListBucketVersions",
        "s3:CreateBucket",
        "s3:ListBucket",
        "s3:PutBucketObjectLockConfiguration",
        "s3:GetBucketVersioning",
        "s3:DeleteBucket"
      ],
      "Resource": "arn:aws:s3:::test-bucket-5457"
    },
    {
      "Effect": "Allow",
      "Action": [
        "s3:PutObject",
        "s3:DeleteObjectVersion",
        "s3:DeleteObject"
      ],
      "Resource": "arn:aws:s3:::test-bucket-5457/test-folder/file.txt"
    }
  ]
}