{
  "Version": "2012-10-17",
  "Statement": [
    {
      "Effect": "Allow",
      "Action": [
        "s3:CreateBucket",
        "s3:DeleteBucket",
        "s3:DeleteObject",
        "s3:DeleteObjectVersion",
        "s3:ListBucket",
        "s3:ListBucketVersions",
        "s3:GetBucketVersioning"
      ],
      "Resource": [
        "arn:aws:s3:::export-bucket-5457",
        "arn:aws:s3:::export-bucket-5457/*"
      ]
    },
    {
      "Effect": "Allow",
      "Action": [
        "ec2:CancelExportTask",
        "ec2:CreateImage",
        "ec2:DeregisterImage"
      ],
      "Resource": "*"
    }
  ]
}