{
  "Version": "2012-10-17",
  "Statement": [
    {
      "Effect": "Allow",
      "Action": [
        "kinesis:ListStreams",
        "kinesis:EnableEnhancedMonitoring",
        "kinesis:ListShards",
        "kinesis:UpdateShardCount",
        "kinesis:DescribeLimits",
        "kinesis:ListStreamConsumers",
        "kinesis:DisableEnhancedMonitoring"
      ],
      "Resource": "*"
    },
    {
      "Effect": "Allow",
      "Action": "kinesis:*",
      "Resource": [
        "arn:aws:kinesis:us-east-1:{accountId}:stream/test-stream-5457/consumer/*:*",
        "arn:aws:kinesis:us-east-1:{accountId}:stream/test-stream-5457"
      ]
    }
  ]
}